index,adc,desired_current_thirds_ma,actual_current_thirds_ma
0,2633,1200,0
1,2632,1200,2338
2,2631,1200,-1734
3,2633,1200,1459
4,2631,1200,1319
5,2632,1200,-394
6,2631,1200,2220
7,2631,1200,-1564
8,2630,1200,1685
9,2629,1200,576
10,2630,1200,1282
11,2637,1200,803
12,2639,1200,754
13,2632,1200,1652
14,2632,1200,-281
15,2631,1200,2358
16,2636,1200,-1383
17,2632,1200,836
18,2630,1200,1969
19,2632,1200,-677
20,2633,1200,914
21,2640,1200,1760
22,2635,1200,-310
23,2629,1200,2277
24,2631,1200,-1195
25,2630,1200,1580
26,2632,1200,446
27,2631,1200,1292
28,2632,1200,1199
29,2632,1200,90
30,2620,1200,2248
31,2635,1200,-1655
32,2626,1200,1562
33,2631,1200,865
34,2633,1200,504
35,2632,1200,1946
36,2630,1200,211
37,2626,1200,1782
38,2629,1200,210
39,2629,1200,1945
40,2632,1200,-470
41,2631,1200,961
42,2630,1200,999
43,2629,1200,1006
44,2629,1200,902
45,2631,1200,985
46,2631,1200,1149
47,2632,1200,410
48,2628,1200,1794
49,2636,1200,333
50,2631,1200,1560
51,2630,1200,340
52,2634,1200,1847
53,2631,1200,-431
54,2628,1200,1442
55,2629,1200,399
56,2631,1200,1537
57,2627,1200,769
58,2633,1200,610
59,2632,1200,1749
60,2614,1200,-721
61,2629,1200,1575
62,2629,1200,643
63,2642,1200,1087
64,2633,1200,713
65,2639,1200,1049
66,2631,1200,893
67,2631,1200,871
68,2620,1200,1176
69,2628,1200,535
70,2626,1200,1361
71,2625,1200,229
72,2626,1200,1855
73,2625,1200,102
74,2624,1200,1374
75,2629,1200,816
76,2620,1200,852
77,2624,1200,1142
78,2622,1200,468
79,2618,1200,1782
80,2621,1200,-265
81,2614,1200,1697
82,2616,1200,-237
83,2616,1200,1299
84,2613,1200,448
85,2610,1200,1742
86,2615,1200,89
87,2605,1200,1536
88,2607,1200,83
89,2608,1200,1878
90,2619,1200,-729
91,2601,1200,724
92,2614,1200,1567
93,2603,1200,-113
94,2603,1200,1091
95,2603,1200,734
96,2599,1200,1302
97,2601,1200,49
98,2597,1200,1769
99,2595,1200,-290
100,2590,1200,1424
101,2583,1200,183
102,2586,1200,1240
103,2588,1200,730
104,2581,1200,1063
105,2572,1200,639
106,2569,1200,1403
107,2561,1200,536
108,2567,1200,1504
109,2563,1200,307
110,2563,1200,1065
111,2560,1200,774
112,2558,1200,1142
113,2560,1200,446
114,2552,1200,1748
115,2560,1200,168
116,2554,1200,1298
117,2554,1200,340
118,2553,1200,1306
119,2551,1200,119
120,2548,1200,1490
121,2547,1200,-250
122,2546,1200,1488
123,2544,1200,296
124,2542,1200,1344
125,2539,1200,596
126,2539,1200,1421
127,2538,1200,157
128,2547,1200,1298
129,2530,1200,514
130,2529,1200,1492
131,2527,1200,254
132,2519,1200,1464
133,2519,1200,34
134,2509,1200,1603
135,2508,1200,-211
136,2505,1200,861
137,2507,1200,1464
138,2509,1200,-64
139,2504,1200,1097
140,2506,1200,765
141,2501,1200,1080
142,2496,1200,921
143,2499,1200,748
144,2495,1200,1058
145,2491,1200,853
146,2486,1200,927
147,2480,1200,865
148,2485,1200,1073
149,2472,1200,725
150,2470,1200,1166
151,2471,1200,574
152,2468,1200,1339
153,2465,1200,-15
154,2460,1200,1339
155,2455,1200,334
156,2461,1200,1384
157,2455,1200,482
158,2453,1200,1476
159,2454,1200,-145
160,2449,1200,1064
161,2450,1200,820
162,2443,1200,1051
163,2447,1200,647
164,2443,1200,1608
165,2445,1200,-112
166,2436,1200,1275
167,2437,1200,401
168,2432,1200,1179
169,2432,1200,443
170,2417,1200,1332
171,2417,1200,167
172,2412,1200,1348
173,2411,1200,351
174,2406,1200,1371
175,2405,1200,285
176,2405,1200,1026
177,2397,1200,815
178,2394,1200,1081
179,2391,1200,603
180,2395,1200,1284
181,2393,1200,521
182,2394,1200,1352
183,2386,1200,142
184,2377,1200,791
185,2366,1200,1295
186,2364,1200,479
187,2363,1200,1326
188,2358,1200,90
189,2357,1200,891
190,2348,1200,867
191,2356,1200,1179
192,2354,1200,459
193,2348,1200,1259
194,2349,1200,370
195,2347,1200,1195
196,2340,1200,376
197,2337,1200,1159
198,2316,1200,538
199,2325,1200,1184
200,2327,1200,478
201,2324,1200,1136
202,2317,1200,604
203,2316,1200,1020
204,2310,1200,1018
205,2307,1200,760
206,2282,1200,1297
207,2301,1200,366
208,2294,1200,1201
209,2288,1200,265
210,2292,1200,928
211,2290,1200,932
212,2288,1200,686
213,2278,1200,1308
214,2280,1200,257
215,2274,1200,1004
216,2266,1200,967
217,2266,1200,820
218,2260,1200,1083
219,2258,1200,656
220,2240,1200,1075
221,2257,1200,615
222,2266,1200,1063
223,2248,1200,642
224,2246,1200,1037
225,2238,1200,568
226,2234,1200,808
227,2240,1200,943
228,2222,1200,740
229,2221,1200,1245
230,2213,1200,139
231,2207,1200,940
232,2224,1200,782
233,2206,1200,1150
234,2202,1200,762
235,2209,1200,757
236,2203,1200,1229
237,2198,1200,249
238,2193,1200,748
239,2183,1200,1251
240,2179,1200,289
241,2194,1200,774
242,2168,1200,1231
243,2176,1200,243
244,2155,1200,682
245,2159,1200,869
246,2156,1200,858
247,2154,1200,763
248,2144,1200,887
249,2152,1200,836
250,2142,1200,821
251,2127,1200,873
252,2130,1200,874
253,2132,1200,931
254,2129,1200,904
255,2125,1200,878
256,2113,1200,986
257,2103,1200,874
258,2106,1200,909
259,2100,1200,921
260,2100,1200,965
261,2103,1200,765
262,2101,1200,723
263,2092,1200,745
264,2073,1200,799
265,2080,1200,796
266,2075,1200,777
267,2073,1200,895
268,2070,1200,873
269,2060,1200,630
270,2056,1200,634
271,2073,1200,613
272,2054,1200,744
273,2045,1200,723
274,2045,1200,835
275,2014,1200,836
276,2026,1200,830
277,2020,1200,633
278,2011,1200,621
279,2004,1200,643
280,2007,1200,716
281,2006,1200,719
282,1999,1200,872
283,1994,1200,889
284,1986,1200,684
285,1988,1200,648
286,1981,1200,656
287,1969,1200,648
288,1960,1200,791
289,1947,1200,803
290,1951,1200,599
291,1946,1200,616
292,1942,1200,606
293,1939,1200,725
294,1942,1200,728
295,1935,1200,760
296,1933,1200,583
297,1929,1200,577
298,1929,1200,689
299,1926,1200,698
300,1921,1200,726
301,1907,1200,564
302,1893,1200,560
303,1897,1200,586
304,1888,1200,689
305,1901,1200,723
306,1883,1200,558
307,1876,1200,554
308,1871,1200,576
309,1867,1200,702
310,1868,1200,755
311,1862,1200,709
312,1849,1200,551
313,1844,1200,575
314,1838,1200,692
315,1828,1200,625
316,1826,1200,488
317,1826,1200,564
318,1818,1200,587
319,1815,1200,469
320,1826,1200,486
321,1799,1200,515
322,1791,1200,597
323,1766,1200,638
324,1783,1200,691
325,1775,1200,512
326,1780,1200,528
327,1774,1200,691
328,1759,1200,687
329,1770,1200,453
330,1761,1200,536
331,1757,1200,556
332,1753,1200,585
333,1748,1200,473
334,1735,1200,493
335,1728,1200,596
336,1723,1200,655
337,1718,1200,598
338,1710,1200,503
339,1703,1200,520
340,1722,1200,548
341,1698,1200,436
342,1697,1200,480
343,1696,1200,565
344,1693,1200,617
345,1687,1200,660
346,1685,1200,477
347,1681,1200,512
348,1667,1186,535
349,1661,1174,434
350,1655,1162,468
351,1647,1146,556
352,1627,1106,626
353,1625,1102,532
354,1620,1092,477
355,1621,1094,503
356,1611,1074,421
357,1621,1094,440
358,1618,1088,465
359,1611,1074,579
360,1607,1066,604
361,1595,1042,435
362,1585,1022,489
363,1584,1020,525
364,1583,1018,439
365,1577,1006,437
366,1570,992,468
367,1570,992,590
368,1552,956,466
369,1558,968,436
370,1558,968,507
371,1557,966,568
372,1554,960,455
373,1550,952,459
374,1534,920,491
375,1521,894,412
376,1511,874,427
377,1519,890,452
378,1513,878,574
379,1493,838,576
380,1510,872,464
381,1510,872,482
382,1502,856,525
383,1492,836,439
384,1483,818,432
385,1480,812,464
386,1478,808,479
387,1475,802,409
388,1474,800,497
389,1462,776,533
390,1451,754,623
391,1447,746,450
392,1431,714,464
393,1438,728,504
394,1438,728,421
395,1429,710,430
396,1432,716,574
397,1420,692,564
398,1413,678,393
399,1401,654,481
400,1405,662,529
401,1402,656,424
402,1399,650,447
403,1397,646,456
404,1390,632,427
405,1374,600,422
406,1375,602,427
407,1369,590,587
408,1366,584,480
409,1362,576,447
410,1354,560,488
411,1350,552,540
412,1359,570,414
413,1346,544,440
414,1347,546,462
415,1329,510,392
416,1325,502,424
417,1319,490,525
418,1307,466,610
419,1305,462,382
420,1304,460,455
421,1302,456,505
422,1300,452,590
423,1305,462,418
424,1295,442,451
425,1273,398,390
426,1283,418,394
427,1266,384,421
428,1261,374,546
429,1254,360,417
430,1253,358,408
431,1252,356,479
432,1242,336,572
433,1251,354,415
434,1230,312,434
435,1223,298,480
436,1219,290,403
437,1217,286,408
438,1209,270,591
439,1214,280,412
440,1202,256,381
441,1197,246,487
442,1194,240,560
443,1189,230,427
444,1184,220,437
445,1176,204,468
446,1171,194,393
447,1172,196,411
448,1157,166,425
449,1146,144,361
450,1137,126,398
451,1135,122,402
452,1141,134,561
453,1121,94,377
454,1129,110,433
455,1122,96,494
456,1117,86,504
457,1112,76,404
458,1110,72,445
459,1108,68,484
460,1101,54,386
461,1109,70,414
462,1085,22,475
463,1092,36,287
464,1083,18,386
465,1077,6,543
466,1071,-6,195
467,1065,-18,341
468,1061,-26,455
469,1054,-40,358
470,1055,-38,370
471,1056,-36,358
472,1052,-44,427
473,1037,-74,239
474,1030,-88,374
475,1022,-104,254
476,1019,-110,374
477,1015,-118,170
478,1011,-126,474
479,1008,-132,-12
480,1008,-132,322
481,999,-150,244
482,993,-162,322
483,990,-168,109
484,992,-164,401
485,966,-216,19
486,973,-202,359
487,966,-216,0
488,943,-262,339
489,954,-240,-115
490,949,-250,460
491,951,-246,-377
492,937,-274,389
493,939,-270,-116
494,932,-284,379
495,928,-292,-282
496,927,-294,325
497,921,-306,-130
498,909,-330,333
499,930,-288,-269
500,905,-1200,447
501,898,-1200,-1999
502,895,-1200,32
503,887,-1200,-1427
504,897,-1200,-125
505,881,-1200,-1400
506,876,-1200,109
507,871,-1200,-1699
508,868,-1200,154
509,863,-1200,-1589
510,862,-1200,192
511,853,-1200,-1784
512,860,-1200,-658
513,834,-1200,34
514,844,-1200,-1128
515,843,-1200,431
516,830,-1200,-2419
517,839,-1200,-330
518,827,-1200,-777
519,812,-1200,4
520,806,-1200,-1158
521,795,-1200,365
522,795,-1200,-1654
523,792,-1200,196
524,791,-1200,-1421
525,791,-1200,-448
526,791,-1200,-332
527,785,-1200,-569
528,787,-1200,-213
529,783,-1200,-873
530,781,-1200,66
531,778,-1200,-1402
532,775,-1200,239
533,769,-1200,-1065
534,765,-1200,228
535,756,-1200,-1460
536,754,-1200,510
537,751,-1200,-2293
538,749,-1200,-463
539,743,-1200,-269
540,740,-1200,-1024
541,734,-1200,331
542,734,-1200,-2101
543,725,-1200,428
544,715,-1200,-2223
545,708,-1200,371
546,708,-1200,-1327
547,717,-1200,435
548,703,-1200,-1985
549,705,-1200,215
550,699,-1200,-1749
551,706,-1200,59
552,702,-1200,-1324
553,701,-1200,575
554,695,-1200,-1761
555,692,-1200,822
556,687,-1200,-1925
557,687,-1200,-372
558,687,-1200,-327
559,697,-1200,-901
560,689,-1200,486
561,667,-1200,-2056
562,667,-1200,-395
563,660,-1200,-413
564,655,-1200,-463
565,653,-1200,-873
566,631,-1200,241
567,650,-1200,-1618
568,648,-1200,720
569,638,-1200,-2355
570,645,-1200,-74
571,639,-1200,-927
572,647,-1200,-227
573,642,-1200,-1041
574,639,-1200,466
575,627,-1200,-1652
576,630,-1200,832
577,625,-1200,-1926
578,625,-1200,-127
579,625,-1200,-905
580,607,-1200,-150
581,610,-1200,-1172
582,609,-1200,695
583,591,-1200,-1931
584,600,-1200,858
585,599,-1200,-2115
586,602,-1200,-109
587,597,-1200,-937
588,599,-1200,-265
589,589,-1200,-932
590,587,-1200,57
591,585,-1200,-950
592,586,-1200,37
593,583,-1200,-1303
594,580,-1200,459
595,580,-1200,-1954
596,579,-1200,729
597,579,-1200,-2832
598,577,-1200,956
599,568,-1200,-2028
600,581,-1200,980
601,573,-1200,-2456
602,571,-1200,-5
603,571,-1200,-742
604,570,-1200,-437
605,567,-1200,-630
606,567,-1200,-296
607,564,-1200,-849
608,566,-1200,2
609,565,-1200,-1294
610,553,-1200,-249
611,556,-1200,-458
612,556,-1200,-1274
613,549,-1200,1242
614,554,-1200,-2574
615,548,-1200,165
616,545,-1200,-1179
617,558,-1200,-140
618,542,-1200,-1188
619,533,-1200,281
620,542,-1200,-1386
621,540,-1200,737
622,540,-1200,-2342
623,537,-1200,892
624,527,-1200,-2602
625,538,-1200,310
626,539,-1200,-2120
627,538,-1200,985
628,533,-1200,-1699
629,533,-1200,1300
630,531,-1200,-2159
631,528,-1200,-136
632,530,-1200,-634
633,525,-1200,-1176
634,526,-1200,1089
635,524,-1200,-2215
636,524,-1200,188
637,523,-1200,-1430
638,524,-1200,413
639,517,-1200,-1084
640,517,-1200,-331
641,518,-1200,-398
642,515,-1200,-1371
643,506,-1200,871
644,517,-1200,89
645,512,-1200,-2739
646,514,-1200,900
647,514,-1200,-1540
648,512,-1200,490
649,513,-1200,-1477
650,513,-1200,1051
651,508,-1200,-2096
652,507,-1200,883
653,507,-1200,-2240
654,508,-1200,807
655,509,-1200,-2532
656,507,-1200,1226
657,513,-1200,-1394
658,503,-1200,771
659,500,-1200,-2148
660,501,-1200,313
661,497,-1200,-1614
662,503,-1200,466
663,500,-1200,-2290
664,496,-1200,1848
665,500,-1200,-1219
666,499,-1200,44
667,503,-1200,-1269
668,497,-1200,-688
669,497,-1200,301
670,493,-1200,-2202
671,495,-1200,2012
672,495,-1200,-1757
673,494,-1200,318
674,498,-1200,-1885
675,489,-1200,1627
676,492,-1200,-1178
677,490,-1200,-636
678,493,-1200,6
679,414,-1200,-2384
680,493,-1200,1517
681,493,-1200,-963
682,493,-1200,-1107
683,491,-1200,522
684,490,-1200,-1634
685,492,-1200,491
686,493,-1200,-1485
687,493,-1200,578
688,487,-1200,-1980
689,494,-1200,620
690,489,-1200,-1858
691,487,-1200,806
692,493,-1200,-677
693,491,-1200,-1771
694,491,-1200,1158
695,492,-1200,-2022
696,493,-1200,1346
697,494,-1200,-732
698,490,-1200,-1575
699,493,-1200,867
700,496,-1200,-2298
701,487,-1200,1705
702,499,-1200,-1186
703,492,-1200,-542
704,492,-1200,-647
705,489,-1200,-1163
706,491,-1200,-20
707,489,-1200,-1555
708,492,-1200,833
709,491,-1200,-1875
710,491,-1200,472
711,491,-1200,-1887
712,491,-1200,837
713,493,-1200,-735
714,493,-1200,-1118
715,495,-1200,-288
716,495,-1200,-1646
717,493,-1200,598
718,497,-1200,-1167
719,492,-1200,-625
720,492,-1200,-605
721,508,-1200,-1134
722,492,-1200,-128
723,493,-1200,-1508
724,495,-1200,599
725,491,-1200,-1784
726,493,-1200,199
727,491,-1200,-1783
728,491,-1200,806
729,493,-1200,-731
730,493,-1200,-1559
731,488,-1200,506
732,492,-1200,-1988
733,491,-1200,1222
734,493,-1200,-790
735,492,-1200,-1452
736,492,-1200,423
737,489,-1200,-1018
738,491,-1200,-648
739,490,-1200,-945
740,497,-1200,-576
741,491,-1200,-1048
742,493,-1200,-651
743,496,-1200,-783
744,492,-1200,-1035
745,493,-1200,-423
746,494,-1200,-1085
747,496,-1200,-788
748,498,-1200,-489
749,499,-1200,-1342
750,501,-1200,-83
751,500,-1200,-1786
752,507,-1200,568
753,531,-1200,-1885
754,504,-1200,989
755,508,-1200,-750
756,507,-1200,-1506
757,512,-1200,575
758,507,-1200,-1002
759,512,-1200,-982
760,506,-1200,-351
761,513,-1200,-1801
762,512,-1200,807
763,532,-1200,-785
764,519,-1200,-1472
765,514,-1200,386
766,517,-1200,-1076
767,519,-1200,-877
768,521,-1200,-588
769,521,-1200,-1282
770,523,-1200,-129
771,518,-1200,-1473
772,525,-1200,426
773,530,-1200,-1408
774,529,-1200,-734
775,528,-1200,-389
776,529,-1200,-1768
777,535,-1200,1137
778,537,-1200,-1194
779,536,-1200,-830
780,541,-1200,-584
781,573,-1200,-1304
782,536,-1200,-448
783,549,-1200,-1214
784,547,-1200,-564
785,548,-1200,-1295
786,545,-1200,-159
787,528,-1200,-1272
788,550,-1200,-303
789,549,-1200,-1493
790,549,-1200,-499
791,554,-1200,-786
792,553,-1200,-1272
793,559,-1200,147
794,561,-1200,-1764
795,564,-1200,-23
796,567,-1200,-1629
797,568,-1200,120
798,579,-1200,-1638
799,573,-1200,389
800,573,-1200,-935
801,572,-1200,-1037
802,573,-1200,-484
803,573,-1200,-1341
804,579,-1200,-32
805,577,-1200,-1484
806,580,-1200,325
807,578,-1200,-1481
808,583,-1200,-294
809,579,-1200,-1626
810,581,-1200,257
811,583,-1200,-788
812,586,-1200,-1063
813,588,-1200,-654
814,596,-1200,-1222
815,596,-1200,-264
816,596,-1200,-1366
817,599,-1200,3
818,599,-1200,-1550
819,607,-1200,-329
820,606,-1200,-1459
821,605,-1200,-204
822,609,-1200,-1603
823,615,-1200,362
824,616,-1200,-788
825,619,-1200,-1185
826,622,-1200,-405
827,645,-1200,-1357
828,626,-1200,-68
829,627,-1200,-1291
830,632,-1200,-22
831,629,-1200,-1468
832,635,-1200,-67
833,642,-1200,-1282
834,644,-1200,-443
835,643,-1200,-1209
836,647,-1200,-370
837,655,-1200,-1457
838,649,-1200,282
839,654,-1200,-1216
840,649,-1200,-519
841,658,-1200,-1242
842,661,-1200,-506
843,665,-1200,-1219
844,669,-1200,-220
845,671,-1200,-1340
846,675,-1200,166
847,677,-1200,-1309
848,677,-1200,-377
849,687,-1200,-1555
850,687,-1200,143
851,687,-1200,-1318
852,700,-1200,21
853,695,-1200,-1005
854,698,-1200,-869
855,709,-1200,-780
856,702,-1200,-1064
857,704,-1200,-474
858,703,-1200,-1479
859,710,-1200,502
860,709,-1200,-1041
861,706,-1200,-957
862,709,-1200,-686
863,709,-1200,-1120
864,711,-1200,-663
865,720,-1200,-1232
866,723,-1200,-451
867,731,-1200,-1390
868,720,-1200,-3
869,733,-1200,-1020
870,739,-1200,-721
871,746,-1200,-1055
872,750,-1200,-734
873,754,-1200,-1107
874,754,-1200,-641
875,759,-1200,-1313
876,762,-1200,-49
877,764,-1200,-1019
878,760,-1200,-772
879,763,-1200,-1021
880,767,-1200,-572
881,774,-1200,-1102
882,778,-1200,-793
883,779,-1200,-1035
884,782,-1200,-519
885,784,-1200,-1198
886,785,-1200,-330
887,789,-1200,-1186
888,792,-1200,-467
889,791,-1200,-1279
890,795,-1200,-282
891,780,-1200,-1257
892,804,-1200,-237
893,810,-1200,-986
894,821,-1200,-803
895,829,-1200,-996
896,831,-1200,-717
897,828,-1200,-1208
898,826,-1200,-428
899,832,-1200,-1201
900,835,-1200,-335
901,842,-1200,-998
902,848,-1200,-772
903,829,-1200,-1074
904,838,-1200,-555
905,831,-1200,-1244
906,864,-1200,-328
907,863,-1200,-1182
908,862,-1200,-308
909,866,-1200,-839
910,867,-1200,-951
911,874,-1200,-842
912,874,-1200,-855
913,874,-1200,-984
914,883,-1200,-834
915,881,-1200,-1009
916,881,-1200,-667
917,889,-1200,-1114
918,887,-1200,-389
919,897,-1200,-1084
920,906,-1200,-590
921,901,-1200,-1054
922,909,-1200,-720
923,909,-1200,-1084
924,921,-1200,-462
925,925,-1200,-799
926,936,-1200,-1050
927,937,-1200,-680
928,938,-1200,-1051
929,938,-1200,-505
930,941,-1200,-936
931,944,-1200,-823
932,943,-1200,-870
933,951,-1200,-1046
934,950,-1200,-549
935,955,-1200,-923
936,959,-1200,-807
937,965,-1200,-955
938,970,-1200,-724
939,976,-1200,-953
940,980,-1200,-734
941,985,-1200,-836
942,983,-1200,-999
943,995,-1200,-752
944,1001,-1200,-1009
945,1007,-1200,-569
946,1005,-1200,-943
947,1012,-1200,-802
948,1013,-1200,-965
949,1009,-1200,-762
950,1018,-1200,-964
951,1022,-1200,-737
952,1031,-1200,-869
953,1035,-1200,-853
954,1044,-1200,-836
955,1050,-1200,-896
956,1071,-1200,-881
957,1073,-1200,-929
958,1053,-1200,-791
959,1057,-1200,-874
960,1056,-1200,-899
961,1061,-1200,-900
962,1065,-1200,-849
963,1062,-1200,-788
964,1072,-1200,-750
965,1083,-1200,-845
966,1085,-1200,-847
967,1102,-1200,-805
968,1101,-1200,-847
969,1102,-1200,-801
970,1111,-1200,-798
971,1113,-1200,-783
972,1118,-1200,-751
973,1125,-1200,-794
974,1137,-1200,-760
975,1128,-1200,-775
976,1132,-1200,-705
977,1134,-1200,-688
978,1139,-1200,-741
979,1145,-1200,-732
980,1150,-1200,-738
981,1153,-1200,-631
982,1160,-1200,-639
983,1158,-1200,-708
984,1166,-1200,-709
985,1181,-1200,-709
986,1188,-1200,-713
987,1189,-1200,-623
988,1189,-1200,-691
989,1202,-1200,-679
990,1193,-1200,-689
991,1201,-1200,-686
992,1202,-1200,-639
993,1196,-1200,-686
994,1218,-1200,-648
995,1231,-1200,-672
996,1234,-1200,-676
997,1232,-1200,-645
998,1227,-1200,-676
999,1241,-1200,-657
1000,1247,346,-605
1001,1260,372,1041
1002,1256,364,-314
1003,1260,372,1263
1004,1264,380,-119
1005,1272,396,336
1006,1279,410,-106
1007,1287,426,521
1008,1291,434,-520
1009,1295,442,1465
1010,1306,464,-238
1011,1301,454,1000
1012,1305,462,-71
1013,1302,456,649
1014,1306,464,-563
1015,1310,472,1328
1016,1317,486,-208
1017,1323,498,773
1018,1332,516,-517
1019,1341,534,1762
1020,1351,554,400
1021,1350,552,-416
1022,1347,546,1203
1023,1355,562,33
1024,1353,558,539
1025,1357,566,-354
1026,1363,578,1717
1027,1387,626,-468
1028,1369,590,1335
1029,1377,606,-422
1030,1386,624,1408
1031,1392,636,41
1032,1394,640,692
1033,1396,644,-478
1034,1395,642,2144
1035,1399,650,-291
1036,1399,650,926
1037,1405,662,-655
1038,1412,676,1945
1039,1414,680,171
1040,1415,682,397
1041,1418,688,-146
1042,1421,694,1296
1043,1430,712,-695
1044,1435,722,1143
1045,1453,758,-448
1046,1438,728,1512
1047,1442,736,-571
1048,1437,726,1946
1049,1439,730,83
1050,1440,732,560
1051,1447,746,-188
1052,1452,756,787
1053,1452,756,-507
1054,1467,786,1606
1055,1472,796,-615
1056,1473,798,2003
1057,1490,832,-138
1058,1479,810,1279
1059,1461,774,-652
1060,1480,812,1162
1061,1491,834,-376
1062,1489,830,1322
1063,1495,842,-1095
1064,1493,838,2324
1065,1505,862,196
1066,1508,868,421
1067,1507,866,206
1068,1509,870,702
1069,1513,878,-82
1070,1513,878,968
1071,1529,910,-905
1072,1508,868,2417
1073,1517,886,191
1074,1516,884,459
1075,1522,896,139
1076,1526,904,935
1077,1534,920,-536
1078,1541,934,1811
1079,1555,962,-683
1080,1553,958,2174
1081,1557,966,-626
1082,1561,974,2356
1083,1559,970,-289
1084,1556,964,689
1085,1559,970,1045
1086,1559,970,-1069
1087,1561,974,2077
1088,1564,980,-400
1089,1568,988,1124
1090,1572,996,-247
1091,1565,982,1264
1092,1574,1000,213
1093,1572,996,259
1094,1571,994,897
1095,1577,1006,-409
1096,1574,1000,1887
1097,1581,1014,129
1098,1562,976,588
1099,1577,1006,625
1100,1572,996,-157
1101,1581,1014,1571
1102,1586,1024,-582
1103,1582,1016,2109
1104,1617,1086,-504
1105,1589,1030,1172
1106,1600,1052,-154
1107,1604,1060,1037
1108,1604,1060,-251
1109,1610,1072,1683
1110,1612,1076,-500
1111,1612,1076,2010
1112,1620,1092,-687
1113,1610,1072,1498
1114,1618,1088,-1232
1115,1615,1082,2258
1116,1620,1092,-1571
1117,1617,1086,2598
1118,1640,1132,-20
1119,1620,1092,1061
1120,1624,1100,350
1121,1621,1094,100
1122,1618,1088,1901
1123,1624,1100,-831
1124,1619,1090,3000
1125,1624,1100,-618
1126,1623,1098,1837
1127,1625,1102,-1281
1128,1618,1088,2197
1129,1633,1118,-601
1130,1620,1092,2157
1131,1628,1108,-645
1132,1629,1110,2798
1133,1634,1120,-912
1134,1636,1124,1627
1135,1641,1134,-1617
1136,1637,1126,2002
1137,1630,1112,167
1138,1643,1138,261
1139,1644,1140,1739
1140,1645,1142,-1767
1141,1646,1144,2124
1142,1651,1154,-608
1143,1651,1154,2368
1144,1652,1156,-799
1145,1653,1158,1170
1146,1660,1172,143
1147,1669,1190,727
1148,1663,1178,1151
1149,1665,1182,-424
1150,1662,1176,1998
1151,1668,1188,-1566
1152,1668,1188,1745
1153,1673,1198,-1307
1154,1673,1198,2230
1155,1674,1200,-1322
1156,1674,1200,2416
1157,1674,1200,-981
1158,1673,1198,1208
1159,1677,1200,586
1160,1677,1200,169
1161,1679,1200,2091
1162,1684,1200,-1575
1163,1682,1200,1293
1164,1684,1200,182
1165,1686,1200,1014
1166,1685,1200,1110
1167,1688,1200,-653
1168,1684,1200,2318
1169,1690,1200,-1815
1170,1689,1200,1874
1171,1697,1200,-462
1172,1688,1200,2258
1173,1690,1200,-1130
1174,1688,1200,903
1175,1689,1200,1486
1176,1687,1200,-995
1177,1688,1200,2479
1178,1689,1200,-1355
1179,1690,1200,1653
1180,1695,1200,-861
1181,1687,1200,1824
1182,1691,1200,-37
1183,1692,1200,1222
1184,1689,1200,624
1185,1676,1200,432
1186,1692,1200,1445
1187,1690,1200,-26
1188,1689,1200,1733
1189,1692,1200,-575
1190,1688,1200,946
1191,1688,1200,1388
1192,1692,1200,-706
1193,1687,1200,2464
1194,1691,1200,-1453
1195,1691,1200,784
1196,1688,1200,1585
1197,1689,1200,-814
1198,1691,1200,994
1199,1697,1200,1259
1200,1693,1200,-400
1201,1690,1200,2553
1202,1693,1200,-1497
1203,1690,1200,671
1204,1691,1200,1799
1205,1695,1200,-1396
1206,1689,1200,2133
1207,1695,1200,-1577
1208,1690,1200,1184
1209,1692,1200,702
1210,1691,1200,548
1211,1692,1200,1265
1212,1689,1200,94
1213,1687,1200,1484
1214,1690,1200,-485
1215,1687,1200,2064
1216,1691,1200,-775
1217,1689,1200,1894
1218,1688,1200,-984
1219,1691,1200,741
1220,1690,1200,1714
1221,1693,1200,-712
1222,1687,1200,2071
1223,1691,1200,-1255
1224,1691,1200,807
1225,1690,1200,1609
1226,1687,1200,-893
1227,1688,1200,980
1228,1687,1200,1297
1229,1686,1200,-106
1230,1689,1200,2427
1231,1691,1200,-1837
1232,1685,1200,1163
1233,1692,1200,847
1234,1689,1200,526
1235,1689,1200,1220
1236,1690,1200,372
1237,1688,1200,1358
1238,1690,1200,-135
1239,1688,1200,1959
1240,1689,1200,-337
1241,1690,1200,1656
1242,1690,1200,-118
1243,1688,1200,930
1244,1691,1200,1299
1245,1690,1200,31
1246,1689,1200,2444
1247,1691,1200,-2124
1248,1714,1200,210
1249,1689,1200,2824
1250,1691,1200,-1700
1251,1689,1200,590
1252,1693,1200,2021
1253,1689,1200,-874
1254,1689,1200,1653
1255,1689,1200,-512
1256,1688,1200,999
1257,1689,1200,1202
1258,1687,1200,310
1259,1693,1200,1926
1260,1690,1200,-886
1261,1681,1200,855
1262,1690,1200,1109
1263,1690,1200,582
1264,1690,1200,1091
1265,1687,1200,769
1266,1685,1200,880
1267,1679,1200,1041
1268,1677,1200,582
1269,1674,1200,1263
1270,1674,1200,240
1271,1671,1194,1870
1272,1674,1200,-239
1273,1673,1198,1358
1274,1663,1178,667
1275,1660,1172,1009
1276,1659,1170,701
1277,1654,1160,1138
1278,1651,1154,193
1279,1645,1142,1866
1280,1648,1148,-288
1281,1649,1150,1224
1282,1645,1142,795
1283,1649,1150,713
1284,1640,1132,1056
1285,1637,1126,674
1286,1636,1124,926
1287,1631,1114,886
1288,1626,1104,357
1289,1624,1100,1694
1290,1623,1098,-344
1291,1621,1094,1616
1292,1627,1106,-398
1293,1624,1100,1137
1294,1610,1072,490
1295,1623,1098,1167
1296,1622,1096,510
1297,1618,1088,1056
1298,1621,1094,414
1299,1605,1062,1573
1300,1621,1094,-821
1301,1615,1082,664
1302,1619,1090,1205
1303,1613,1078,203
1304,1614,1080,2058
1305,1615,1082,-1610
1306,1616,1084,294
1307,1611,1074,2174
1308,1609,1070,-1428
1309,1613,1078,682
1310,1604,1060,1552
1311,1602,1056,-306
1312,1595,1042,1597
1313,1595,1042,-562
1314,1589,1030,824
1315,1582,1016,1338
1316,1582,1016,-408
1317,1580,1012,1035
1318,1585,1022,470
1319,1581,1014,1276
1320,1583,1018,-295
1321,1576,1004,1611
1322,1580,1012,-307
1323,1578,1008,1412
1324,1571,994,-324
1325,1568,988,889
1326,1573,998,703
1327,1570,992,1016
1328,1571,994,224
1329,1568,988,1806
1330,1569,990,-774
1331,1567,986,1144
1332,1570,992,311
1333,1557,966,1181
1334,1559,970,21
1335,1561,974,1475
1336,1558,968,-804
1337,1556,964,1260
1338,1555,962,344
1339,1538,928,1508
1340,1555,962,-494
1341,1552,956,572
1342,1546,944,1503
1343,1544,940,-178
1344,1517,886,1433
1345,1533,918,-416
1346,1529,910,739
1347,1515,882,824
1348,1523,898,662
1349,1518,888,571
1350,1509,870,1133
1351,1517,886,-23
1352,1513,878,1766
1353,1514,880,-1202
1354,1520,892,192
1355,1511,874,2173
1356,1529,910,-1500
1357,1509,870,1120
1358,1511,874,39
1359,1509,870,1357
1360,1506,864,-566
1361,1504,860,1245
1362,1500,852,222
1363,1498,848,1540
1364,1495,842,-420
1365,1489,830,1390
1366,1490,832,-318
1367,1485,822,1125
1368,1482,816,155
1369,1480,812,1484
1370,1479,810,121
1371,1480,812,1174
1372,1479,810,100
1373,1474,800,1660
1374,1474,800,-1272
1375,1474,800,308
1376,1469,790,1849
1377,1469,790,-1186
1378,1473,798,-88
1379,1459,770,1724
1380,1450,752,-703
1381,1443,738,1203
1382,1443,738,62
